id,name,rank,status,parent_tsn
172401,Katsuwonus pelamis,Species,valid,172475
645264,Prognichthys tringa,Species,valid,165523
167999,Pseudogramma,Genus,valid,643093
165523,Prognichthys,Genus,valid,165431
162752,Lobianchia,Genus,valid,623695
166596,Cosmocampus,Genus,valid,644844
643094,Epinephelini,Tribe,valid,551018
162558,Scopelarchus michaelsarsi,Species,valid,162553
556138,Histioteuthis hoylei,Species,valid,82485
95497,Bentheuphausiidae,Family,valid,95496
644689,Gigantura indica,Species,valid,162821
636225,Cirripectes,Genus,valid,171124
165459,Hemiramphus,Genus,valid,645104
166753,Sebastes hopkinsi,Species,valid,166705
164655,Ceratias holboelli,Species,valid,164654
623732,Electrona risso,Species,valid,162736
162241,Borostomias panamensis,Species,valid,162239
167276,Hemilepidotus,Genus,valid,167196
553173,Engraulidae,Family,valid,161699
172384,Trichiurus,Genus,valid,646731
164807,Ophidiidae,Family,valid,164806
82474,Brachioteuthis,Genus,valid,82473
48739,Hydrozoa,Class,valid,718920
167387,Orthonopias,Genus,valid,167196
162195,Vinciguerria poweriae,Species,valid,162192
164598,Zalieutes elater,Species,valid,164596
622778,Borophryne,Genus,valid,164661
162576,Ceratoscopelus,Genus,valid,623695
164660,Caulophryne,Genus,valid,164658
164464,Gobiesox rhessodon,Species,valid,164458
164518,Antennariidae,Family,valid,164514
173128,Balistidae,Family,valid,173113
622320,Malacosteinae,Subfamily,valid,162282
623742,Nannobrachium achirus,Species,valid,623699
162214,Argyropelecus lychnus,Species,valid,162213
622694,Margrethia obtusirostra,Species,valid,162229
167411,Psychrolutes,Genus,valid,167410
162711,Gonichthys,Genus,valid,623694
165520,Oxyporhamphus micropterus,Species,valid,165519
82575,Cranchiidae,Family,valid,82390
638250,Sardini,Tribe,valid,638248
171160,Hypsoblennius jenkinsi,Species,valid,171155
165334,Coryphaenoides acrolepis,Species,valid,165333
162202,Valenciennellus,Genus,valid,622314
644731,Stemonosudis macrura,Species,valid,162501
168567,Echeneidae,Family,valid,167641
170120,Hypsypops rubicundus,Species,valid,170119
171827,Gnatholepis,Genus,valid,171746
165506,Exocoetus,Genus,valid,165431
162186,Maurolicus,Genus,valid,622314
172364,Ruvettus pretiosus,Species,valid,172363
167364,Synchirus,Genus,valid,167196
161343,Ariosoma,Genus,valid,635309
165493,Hyporhamphus pacificus,Species,invalid,0
643093,Grammistini,Tribe,valid,551018
167379,Chitonotus,Genus,valid,167196
649666,Melamphaes parvus,Species,valid,166093
643065,Lutjaninae,Subfamily,valid,168845
162845,Ostariophysi,Superorder,valid,161105
644845,Hippocampinae,Subfamily,valid,166443
168695,Seriola lalandi,Species,valid,168688
630579,Atherinopsidae,Family,valid,165429
638573,Malacoctenus hubbsi,Species,valid,171419
165611,Scomberesox,Genus,valid,165607
556020,Euprymna scolopes,Species,valid,555767
164810,Spectrunculus,Genus,valid,622725
95571,Thysanoessa,Genus,valid,95500
171610,Cryptacanthodes aleutensis,Species,valid,171606
171898,Lythrypnus,Genus,valid,171746
613701,Halichoeres dispilus,Species,valid,170501
82418,Gonatus,Genus,valid,82414
167335,Oligocottus snyderi,Species,valid,167332
636462,Ophioblennius steindachneri,Species,valid,171202
95570,Tessarabrachion oculatum,Species,invalid,0
615937,Hippoglossinae,Subfamily,valid,172859
166444,Syngnathus,Genus,valid,644844
169386,Atractoscion,Genus,valid,169237
162552,Benthalbella infans,Species,valid,162549
553171,Chanoidei,Suborder,valid,638794
167697,Epinephelus analogus,Species,valid,167694
162703,Lampadena urophaos,Species,valid,162702
161124,Anguilloidei,Suborder,valid,161123
172579,Tetragonurus,Genus,valid,172578
168602,Alectis ciliaris,Species,valid,168600
170809,Scaridae,Family,valid,170476
166353,Zu cristatus,Species,valid,166352
82397,Enoploteuthidae,Family,valid,82390
95541,Nematoscelis microps,Species,valid,95539
172862,Atheresthes stomias,Species,valid,172860
555713,Ancistrocheiridae,Family,valid,82390
643430,Cyclopteroidea,Superfamily,valid,167185
644826,Scopelosaurus hubbsi,Species,valid,162565
622730,Porichthyinae,Subfamily,valid,164412
164856,Ophidion scrippsae,Species,valid,164839
82335,Sepiolidae,Family,valid,555708
162643,Lampanyctus nobilis,Species,valid,162632
166731,Sebastes nebulosus,Species,valid,166705
616592,Monolene asaedai,Species,invalid,0
171725,Synchiropus,Genus,valid,171691
165249,Lycodapus,Genus,valid,165215
630585,Menidiinae,Subfamily,valid,630579
166107,Poromitra,Genus,valid,166092
162577,Ceratoscopelus townsendi,Species,valid,162576
172545,Cubiceps,Genus,valid,172535
95527,Euphausia gibboides,Species,valid,95501
82326,Cephalopoda,Class,valid,69458
82538,Dosidicus gigas,Species,valid,82537
162375,Synodus,Genus,valid,162374
172727,Citharichthys fragilis,Species,valid,172715
167488,Careproctus,Genus,valid,555701
166729,Sebastes miniatus,Species,valid,166705
161653,Eurypharynx pelecanoides,Species,valid,161651
162654,Notoscopelus resplendens,Species,valid,162653
95504,Euphausia brevis,Species,valid,95501
615943,Symphurinae,Subfamily,valid,173060
165463,Hemiramphus saltator,Species,valid,165459
168743,Nematistius,Genus,valid,553219
167338,Paricelinus hopliticus,Species,valid,167337
167118,Oxylebius pictus,Species,valid,167117
161678,Notacanthidae,Family,valid,553141
169005,Lobotidae,Family,valid,167641
161729,Sardinops sagax,Species,valid,161728
167217,Ascelichthys,Genus,valid,167196
159786,Elasmobranchii,Subclass,valid,159785
172270,Acanthurus triostegus,Species,valid,172251
164465,Rimicola,Genus,valid,164457
616485,Symphurus callopterus,Species,valid,173061
161728,Sardinops,Genus,valid,551153
161603,Serrivomeridae,Family,valid,553143
551153,Clupeinae,Subfamily,valid,161700
172354,Gempylidae,Family,valid,172353
553147,Cyematoidei,Suborder,valid,553136
167424,Ruscarius meanyi,Species,valid,167421
170744,Semicossyphus pulcher,Species,valid,170743
162248,Eustomias,Genus,valid,622318
162103,Dolichopteryx longipes,Species,valid,162102
172410,Sarda orientalis,Species,valid,172407
550867,Scombrolabracidae,Family,valid,172353
182858,Holtbyrnia,Genus,valid,553188
167333,Oligocottus maculosus,Species,valid,167332
82544,Thysanoteuthidae,Family,valid,82390
644666,Aulopidae,Family,valid,644665
622334,Opostomias,Genus,valid,622318
82655,Japetella diaphana,Species,valid,82654
166402,Aulorhynchidae,Family,valid,166362
172816,Engyprosopon,Genus,valid,172714
166708,Sebastes auriculatus,Species,valid,166705
169006,Lobotes,Genus,valid,169005
622127,Sargocentron suborbitalis,Species,valid,166257
170288,Brama,Genus,valid,170287
162682,Benthosema suborbitale,Species,valid,162679
162836,Chanidae,Family,valid,553171
164806,Ophidioidei,Suborder,valid,553139
169055,Haemulidae,Family,valid,167641
622315,Sternoptychinae,Subfamily,valid,162212
172728,Etropus,Genus,valid,553179
644734,Synodus lacertinus,Species,valid,162375
171945,Oxyurichthys,Genus,valid,171746
164496,Lophioidei,Suborder,valid,164495
167641,Percoidei,Suborder,valid,167640
162378,Synodus lucioceps,Species,valid,162375
914158,Ecdysozoa,Superphylum,valid,914155
168707,Trachinotus,Genus,valid,1228111
649743,Caulophryne pelagica,Species,valid,164660
82469,Chtenopteryx sicula,Species,valid,555777
162706,Lampadena luminosa,Species,valid,162702
167227,Clinocottus analis,Species,valid,167222
172996,Aseraggodes,Genus,valid,172980
167839,Pronotogrammus,Genus,valid,167675
161458,Ophichthus,Genus,valid,635313
164629,Oneirodes,Genus,valid,164625
166765,Sebastes umbrosus,Species,valid,166705
555777,Chtenopteryx,Genus,valid,555714
205734,Galiteuthis,Genus,valid,555741
168537,Malacanthidae,Family,valid,167641
166827,Scorpaena guttata,Species,valid,166811
556426,Galiteuthis pacifica,Species,valid,205734
168691,Seriola rivoliana,Species,valid,168688
171018,Crystallodytes,Genus,valid,171022
635300,Albulinae,Subfamily,valid,161119
637470,Gunnellichthys curiosus,Species,valid,172166
172984,Achirus,Genus,valid,202070
172388,Aphanopus,Genus,valid,646729
162257,Melanostomias,Genus,valid,622318
169273,Menticirrhus,Genus,valid,169237
170477,Labridae,Family,valid,170476
555773,Ancistrocheirus,Genus,valid,555713
162374,Synodontidae,Family,valid,644665
69458,Mollusca,Phylum,valid,1204567
171158,Hypsoblennius gentilis,Species,valid,171155
162692,Hygophum,Genus,valid,623694
161600,Derichthys,Genus,valid,161599
95525,Euphausia lamelligera,Species,valid,95501
161828,Engraulis mordax,Species,valid,161827
162838,Chanos chanos,Species,valid,162837
649728,Triphoturus oculeum,Species,invalid,0
168713,Trachinotus kennedyi,Species,valid,168707
82678,Ocythoe tuberculata,Species,valid,82677
164642,Gigantactinidae,Family,valid,622712
170424,Sphyraenidae,Family,valid,167641
172369,Nesiarchus,Genus,valid,172354
165473,Hyporhamphus,Genus,valid,645104
162815,Eutaeniophorus festivus,Species,valid,162814
553164,Anoplopomatoidei,Suborder,valid,166702
623827,Lampanyctus acanthurus,Species,valid,162632
95594,Thysanopoda cristata,Species,valid,95582
167460,Odontopyxis trispinosa,Species,valid,167459
172866,Embassichthys bathybius,Species,valid,172865
167427,Agonopsis,Genus,valid,167426
172716,Citharichthys sordidus,Species,valid,172715
166409,Aulostomidae,Family,valid,166438
161700,Clupeidae,Family,valid,161699
95495,Eucarida,Superorder,valid,89801
172729,Etropus crossotus,Species,valid,172728
623630,Nansenia crassa,Species,valid,162058
166487,Hippocampus,Genus,valid,644845
172734,Paralichthys,Genus,valid,553179
172251,Acanthurus,Genus,valid,172250
95572,Thysanoessa gregaria,Species,valid,95571
162193,Vinciguerria attenuata,Species,valid,162192
162714,Loweina,Genus,valid,623694
166759,Sebastes rastrelliger,Species,valid,166705
170335,Mugil cephalus,Species,valid,170334
166012,Atherinopsis californiensis,Species,valid,166011
644735,Synodus scituliceps,Species,valid,162375
161120,Albula,Genus,valid,635300
623813,Gonichthys tenuiculus,Species,valid,162711
169504,Kyphosus,Genus,valid,645318
645317,Centropominae,Subfamily,valid,167642
573101,Gonatopsis (Boreoteuthis),Subgenus,valid,82415
168753,Gnathanodon speciosus,Species,valid,168752
645117,Hyporhamphus (Hyporhamphus),Subgenus,valid,165473
162100,Macropinna,Genus,valid,162099
615941,Pleuronectinae,Subfamily,valid,172859
173129,Aluterus,Genus,valid,203428
171550,Chaenopsidae,Family,valid,171123
162209,Woodsia,Genus,valid,622313
82406,Abralia,Genus,valid,82397
172919,Isopsetta isolepis,Species,valid,172878
172922,Pleuronichthys,Genus,valid,615946
164674,Laemonema,Genus,valid,164670
616294,Citharichthys platophrys,Species,valid,172715
622722,Brotulinae,Subfamily,valid,164807
164514,Antennarioidei,Suborder,valid,164495
165333,Coryphaenoides,Genus,valid,550565
165508,Exocoetus volitans,Species,valid,165506
164722,Theragra chalcogramma,Species,invalid,0
556422,Octopoteuthis nielseni,Species,valid,82432
167464,Sarritor frenatus,Species,valid,167463
173061,Symphurus,Genus,valid,615943
162366,Bathylaco,Genus,valid,162365
162316,Alepocephalus tenebrosus,Species,valid,162308
162535,Evermannellidae,Family,valid,553150
166864,Scorpaenodes xyris,Species,valid,166861
182856,Leuroglossus urotranus,Species,valid,162095
170476,Labroidei,Suborder,valid,167640
644842,Macroramphosidae,Family,valid,166438
161694,Clupeiformes,Order,valid,161693
166403,Aulorhynchus,Genus,valid,166402
164808,Brosmophycis,Genus,valid,622727
645450,Caristius maderensis,Species,valid,168821
166719,Sebastes entomelas,Species,valid,166705
170743,Semicossyphus,Genus,valid,170477
167422,Ruscarius creaseri,Species,valid,167421
162098,Leuroglossus schmidti,Species,valid,162095
170426,Sphyraena argentea,Species,valid,170425
162234,Astronesthes,Genus,valid,622316
553152,Photichthyoidei,Suborder,valid,553138
168673,Oligoplites saurus,Species,valid,168672
166093,Melamphaes,Genus,valid,166092
162726,Myctophum nitidulum,Species,valid,162719
555799,Nototodarus,Genus,valid,555746
82589,Octopoda,Order,valid,555707
170222,Cirrhitidae,Family,valid,167641
165555,Strongylura exilis,Species,valid,165550
616685,Cheilopogon pinnatibarbatus,Species,valid,165433
172510,Icichthys lockingtoni,Species,valid,172509
167211,Artedius,Genus,valid,167196
167450,Bathyagonus pentacanthus,Species,valid,167444
172785,Monolene,Genus,valid,172714
622112,Diretmoides pauciradiatus,Species,valid,622097
162717,Loweina rara,Species,valid,162714
162671,Symbolophorus evermanni,Species,valid,162666
622319,Idiacanthinae,Subfamily,valid,162282
553223,Cryptacanthodidae,Family,valid,165214
162734,Centrobranchus andreae,Species,valid,162731
553139,Ophidiiformes,Order,valid,164385
51258,Porpitidae,Family,valid,613022
622372,Bathophilus brevis,Species,valid,162243
692068,Scorpaenichthys marmoratus,Species,valid,167352
172932,Hippoglossus stenolepis,Species,valid,172931
166737,Sebastes reedi,Species,valid,166705
170765,Iniistius pavo,Species,valid,170764
166738,Sebastes rosaceus,Species,valid,166705
623845,Myctophum lychnobium,Species,valid,162719
556251,Drechselia danae,Species,valid,555832
162684,Protomyctophum,Genus,valid,623694
170119,Hypsypops,Genus,valid,170044
172405,Euthynnus lineatus,Species,valid,172399
649606,Eutaeniophorinae,Subfamily,valid,162809
95559,Stylocheiron elongatum,Species,valid,95556
556714,Galiteuthis phyllura,Species,valid,205734
171478,Neoclinus blanchardi,Species,valid,171477
622361,Sigmops bathyphilum,Species,invalid,0
166702,Scorpaeniformes,Order,valid,166082
644732,Synodus evermanni,Species,valid,162375
165547,Ablennes,Genus,valid,165546
158852,Chordata,Phylum,valid,914156
166324,Lampris,Genus,valid,166323
614509,Xyrichtys mundiceps,Species,valid,613036
95501,Euphausia,Genus,valid,95500
622111,Diretmichthys parini,Species,valid,622096
555745,Ommastrephinae,Subfamily,valid,82514
164652,Centrophryne spinulosa,Species,valid,164651
643073,Hoplopagrus guentherii,Species,valid,168974
172365,Scombrolabrax,Genus,valid,550867
623312,Melanolagus,Genus,valid,162080
623836,Lampanyctus steinbecki,Species,valid,162632
162056,Argentinoidei,Suborder,valid,553133
82401,Abraliopsis felis,Species,valid,573100
162739,Taaningichthys,Genus,valid,623695
167469,Xeneretmus leiops,Species,valid,167466
172507,Stromateoidei,Suborder,valid,167640
172508,Centrolophidae,Family,valid,172507
172931,Hippoglossus,Genus,valid,615937
161289,Hoplunnis,Genus,valid,161301
162819,Giganturoidei,Suborder,valid,553127
623745,Nannobrachium ritteri,Species,valid,623699
205738,Haliphron atlanticus,Species,valid,205737
172872,Glyptocephalus,Genus,valid,615946
162504,Sudis,Genus,valid,162463
553121,Stenopterygii,Superorder,valid,161105
166112,Scopeloberyx,Genus,valid,166092
162761,Bolinichthys,Genus,valid,623695
172360,Gempylus serpens,Species,valid,172359
167380,Chitonotus pugetensis,Species,valid,167379
623274,Alepocephaloidea,Superfamily,valid,162056
644736,Synodus sechurae,Species,valid,162375
161630,Cyematidae,Family,valid,553147
166014,Leuresthes tenuis,Species,valid,166013
166414,Fistulariidae,Family,valid,166438
82663,Tremoctopodidae,Family,valid,555712
171053,Uranoscopidae,Family,valid,170913
162058,Nansenia,Genus,valid,553195
161609,Serrivomer sector,Species,valid,161604
644673,Magnisudis,Genus,valid,162463
165607,Scomberesocidae,Family,valid,645100
165550,Strongylura,Genus,valid,165546
162232,Danaphos oculatus,Species,valid,162231
168792,Coryphaena equiselis,Species,valid,168790
622675,Sternoptyx obscura,Species,valid,162226
630370,Ammodytoides,Genus,valid,171670
167388,Orthonopias triacis,Species,valid,167387
551018,Epinephelinae,Subfamily,valid,167674
171472,Cryptotrema corallinum,Species,valid,171471
170449,Polydactylus approximans,Species,valid,170446
168688,Seriola,Genus,valid,1228113
166784,Sebastolobus altivelis,Species,valid,166782
164650,Centrophrynidae,Family,valid,622712
622491,Sigmops gracile,Species,invalid,0
162550,Benthalbella dentata,Species,valid,162549
636877,Rhinogobiops nicholsii,Species,valid,636588
205737,Haliphron,Genus,valid,82664
171081,Champsodon,Genus,valid,171080
168731,Decapterus scombrinus,Species,invalid,0
166092,Melamphaidae,Family,valid,649602
170445,Polynemidae,Family,valid,167641
97698,Anomura,Infraorder,valid,96105
642601,Synchiropus atrilabiatus,Species,valid,171725
164905,Cataetyx rubrirostris,Species,valid,164898
82402,Abraliopsis affinis,Species,valid,573108
630593,Atherinella,Genus,valid,630585
172726,Citharichthys xanthostigma,Species,valid,172715
165214,Zoarcoidei,Suborder,valid,167640
169180,Sparidae,Family,valid,167641
173414,Mola mola,Species,valid,173413
553194,Radiicephalidae,Family,valid,638685
636625,Clarkichthys,Genus,valid,636572
623860,Parvilux boschmai,Species,valid,162770
168739,Hemicaranx,Genus,valid,1228110
649602,Stephanoberycoidea,Superfamily,valid,553140
95539,Nematoscelis,Genus,valid,95500
169057,Haemulon,Genus,valid,169055
644717,Lestidiops ringens,Species,valid,162476
161123,Anguilliformes,Order,valid,161106
165431,Exocoetidae,Family,valid,645099
622316,Astronesthinae,Subfamily,valid,162282
162246,Tactostoma,Genus,valid,622318
166773,Sebastes chrysomelas,Species,valid,166705
172563,Stromateidae,Family,valid,172507
555751,Octopodinae,Subfamily,valid,82590
162303,Alepocephalidae,Family,valid,623274
162719,Myctophum,Genus,valid,623694
82396,Enoploteuthis,Genus,valid,82397
622559,Bathophilus filifer,Species,valid,162243
164508,Lophiodes caulinaris,Species,valid,164503
166352,Zu,Genus,valid,166339
165986,Atherinops affinis,Species,valid,165985
171562,Anoplarchus,Genus,valid,171554
622318,Melanostomiinae,Subfamily,valid,162282
573100,Abraliopsis (Boreabraliopsis),Subgenus,valid,82398
202070,Achiridae,Family,valid,172707
172893,Platichthys stellatus,Species,valid,172892
162187,Maurolicus muelleri,Species,valid,162186
171085,Chiasmodon,Genus,valid,171084
167504,Careproctus melanurus,Species,valid,167488
172926,Pleuronichthys verticalis,Species,valid,172922
164458,Gobiesox,Genus,valid,164457
623849,Nannobrachium bristori,Species,valid,623699
161827,Engraulis,Genus,valid,572640
171892,Ilypnus gilberti,Species,valid,171891
166717,Sebastes elongatus,Species,valid,166705
166747,Sebastes atrovirens,Species,valid,166705
82417,Gonatopsis borealis,Species,valid,573101
635303,Muraeninae,Subfamily,valid,161160
95578,Thysanoessa spinifera,Species,valid,95571
166359,Stylephorus,Genus,valid,166358
168176,Priacanthidae,Family,valid,167641
162278,Chauliodus,Genus,valid,622321
166769,Sebastes lentiginosus,Species,valid,166705
641889,Howella pammelas,Species,valid,168331
95544,Nematoscelis atlantica,Species,valid,95539
170596,Oxyjulis,Genus,valid,170477
170313,Taractichthys steindachneri,Species,valid,170310
914153,Radiata,Subkingdom,invalid,0
615041,Abudefduf declivifrons,Species,valid,170045
172362,Lepidocybium flavobrunneum,Species,valid,172361
161928,Protacanthopterygii,Superorder,valid,161105
167214,Artedius lateralis,Species,valid,167211
166152,Anoplogaster cornuta,Species,valid,166151
162523,Alepisauridae,Family,valid,553150
172980,Soleidae,Family,valid,172707
82437,Moroteuthis,Genus,valid,82436
166706,Sebastes aleutianus,Species,valid,166705
167799,Hemanthias,Genus,valid,167675
162108,Bathylychnops,Genus,valid,162099
171091,Kali normani,Species,valid,171087
637464,Gobulus crescentalis,Species,valid,171889
166763,Sebastes serranoides,Species,valid,166705
162677,Diogenichthys laternatus,Species,valid,162675
638248,Scombrinae,Subfamily,valid,172398
556383,Mastigoteuthis inermis,Species,valid,82558
169268,Larimus,Genus,valid,169237
167791,Diplectrum,Genus,valid,643089
636379,Hypsoblennius brevipinnis,Species,valid,171155
166770,Sebastes simulator,Species,valid,166705
164467,Rimicola eigenmanni,Species,valid,164465
613022,Capitata,Suborder,valid,718925
172423,Thunnus albacares,Species,valid,613008
82429,Berryteuthis,Genus,valid,82414
173257,Lactoria diaphana,Species,valid,173271
645131,Tylosurus pacificus,Species,valid,165570
635313,Ophichthini,Tribe,valid,635307
162565,Scopelosaurus,Genus,valid,553189
166132,Diretmus,Genus,valid,166131
162663,Stenobrachius,Genus,valid,623695
169091,Pomadasys,Genus,valid,169055
167110,Hexagrammos decagrammus,Species,valid,167109
95585,Thysanopoda egregia,Species,valid,95582
168331,Howella,Genus,valid,641836
644844,Syngnathinae,Subfamily,valid,166443
167117,Oxylebius,Genus,valid,167108
168791,Coryphaena hippurus,Species,valid,168790
166727,Sebastes melanops,Species,valid,166705
622744,Mesobius,Genus,valid,550565
171881,Acanthogobius,Genus,valid,171746
162695,Hygophum atratum,Species,valid,162692
172892,Platichthys,Genus,valid,615947
556231,Leachia pacifica,Species,valid,573115
82537,Dosidicus,Genus,valid,555745
162732,Centrobranchus nigroocellatus,Species,valid,162731
171202,Ophioblennius,Genus,valid,171124
95584,Thysanopoda cornuta,Species,valid,95582
173412,Molidae,Family,valid,1054458
621146,Thecostraca,Subclass,valid,1227977
162370,Aulopus,Genus,valid,644666
162179,Diplophos,Genus,valid,162163
162665,Stenobrachius nannochir,Species,valid,162663
635966,Heteroconger digueti,Species,valid,161395
162770,Parvilux,Genus,valid,623695
162420,Trachinocephalus myops,Species,valid,162419
170054,Abudefduf troschelii,Species,valid,170045
162299,Idiacanthus,Genus,valid,622319
165253,Lycodapus mandibularis,Species,valid,165249
170307,Pteraclis,Genus,valid,170287
645104,Hemiramphinae,Subfamily,valid,553172
167116,Ophiodon elongatus,Species,valid,167115
166740,Sebastes ruberrimus,Species,valid,166705
165477,Hyporhamphus rosae,Species,valid,645117
167444,Bathyagonus,Genus,valid,167426
172946,Samariscus,Genus,valid,553234
164412,Batrachoididae,Family,valid,164411
635309,Bathymyrinae,Subfamily,valid,161324
168715,Trachinotus rhodopus,Species,valid,168707
638794,Gonorynchiformes,Order,valid,162845
638253,Scombrini,Tribe,valid,638248
82415,Gonatopsis,Genus,valid,82414
622771,Lophodolos,Genus,valid,164625
162101,Macropinna microstoma,Species,valid,162100
649684,Torpediniformes,Order,valid,563987
172921,Parophrys vetulus,Species,valid,172891
171966,Gillichthys,Genus,valid,171746
171632,Pholidae,Family,valid,165214
168211,Apogon guadalupensis,Species,valid,168197
169357,Cheilotrema,Genus,valid,169237
82367,Teuthida,Order,valid,555706
167222,Clinocottus,Genus,valid,167196
82398,Abraliopsis,Genus,valid,82397
173392,Diodon holocanthus,Species,valid,173390
162516,Lestrolepis intermedia,Species,valid,162515
172450,Acanthocybium,Genus,valid,638251
162092,Bathylagus wesethi,Species,invalid,0
164626,Chaenophryne,Genus,valid,164625
172989,Achirus mazatlanus,Species,valid,172984
166712,Sebastes borealis,Species,valid,166705
162676,Diogenichthys atlanticus,Species,valid,162675
172886,Microstomus,Genus,valid,615946
555715,Pyroteuthidae,Family,valid,82390
172249,Acanthuroidei,Suborder,valid,167640
166361,Gasterosteiformes,Order,valid,166082
164701,Gadidae,Family,valid,164665
167301,Leptocottus,Genus,valid,167196
623853,Nannobrachium hawaiiensis,Species,valid,623699
718925,Anthoathecatae,Order,valid,718924
171762,Lepidogobius lepidus,Species,valid,171761
83677,Crustacea,Subphylum,valid,82696
82405,Pterygioteuthis giardi,Species,valid,82404
630995,Apodichthys sanctaerosae,Species,valid,171633
82654,Japetella,Genus,valid,82653
635917,Bathycongrus macrurus,Species,valid,635345
615907,Radiicephalus,Genus,valid,553194
556064,Enoploteuthis jonesi,Species,valid,573111
171956,Ptereleotris heteroptera,Species,valid,171953
164694,Bregmacerotidae,Family,valid,164665
162548,Scopelarchidae,Family,valid,553150
171671,Ammodytes,Genus,valid,171670
171690,Callionymoidei,Suborder,valid,167640
82369,Loliginidae,Family,valid,82368
551152,Dussumieriinae,Subfamily,valid,161700
643104,Luzonichthys,Genus,valid,167675
623695,Lampanyctinae,Subfamily,valid,162575
172485,Luvarus imperialis,Species,valid,172484
168568,Remora,Genus,valid,168567
171477,Neoclinus,Genus,valid,171550
642446,Amarsipus,Genus,valid,553232
644679,Rosenblattichthys,Genus,valid,162548
635725,Rhynchoconger nitens,Species,valid,635342
161721,Clupea,Genus,valid,551153
556451,Eucleoteuthis luminosa,Species,valid,555795
162501,Stemonosudis,Genus,valid,162463
622313,Phosichthyidae,Family,valid,553152
168683,Selene peruviana,Species,valid,168679
553160,Holocentroidei,Suborder,valid,166083
623190,Lepophidium negropinna,Species,valid,164823
162192,Vinciguerria,Genus,valid,622313
166154,Beryx,Genus,valid,166153
173383,Chilomycterus,Genus,valid,173382
644793,Lestrolepis japonica,Species,valid,162515
162029,Hypomesus,Genus,valid,162028
164613,Melanocetus johnsoni,Species,invalid,0
82436,Onychoteuthidae,Family,valid,82390
162365,Bathylaconidae,Family,valid,623274
613171,Stegastes,Genus,valid,170044
173235,Ostraciidae,Family,valid,1054459
166730,Sebastes mystinus,Species,valid,166705
161644,Saccopharyngidae,Family,valid,161643
168578,Phtheirichthys lineatus,Species,valid,168577
82390,Oegopsina,Suborder,valid,82367
166768,Sebastes ensifer,Species,valid,166705
165515,Hirundichthys,Genus,valid,165431
169282,Micropogonias,Genus,valid,169237
616693,Hirundichthys rondeletii,Species,valid,165515
162820,Giganturidae,Family,valid,162819
167108,Hexagrammidae,Family,valid,167107
168744,Nematistius pectoralis,Species,valid,168743
168742,Naucrates ductor,Species,valid,168741
171691,Callionymidae,Family,valid,171690
171565,Chirolophis,Genus,valid,171554
162561,Scopelarchus guentheri,Species,valid,162553
645319,Latilinae,Subfamily,valid,168537
638559,Labrisomus multiporosus,Species,valid,171408
623275,Osmeroidea,Superfamily,valid,553145
167290,Icelinus,Genus,valid,167196
169280,Menticirrhus undulatus,Species,valid,169273
169554,Chaetodontidae,Family,valid,167641
161301,Nettastomatidae,Family,valid,553143
170952,Rathbunella,Genus,valid,170945
644741,Aulopus bajacali,Species,valid,162370
162675,Diogenichthys,Genus,valid,623694
172714,Bothidae,Family,valid,172707
166705,Sebastes,Genus,valid,166704
161621,Nemichthys,Genus,valid,161612
95535,Nematobrachion,Genus,valid,95500
172927,Psettichthys,Genus,valid,615944
205715,Heteroteuthis,Genus,valid,555737
171087,Kali,Genus,valid,171084
168312,Pseudamiops,Genus,valid,642032
162281,Chauliodus sloani,Species,valid,162278
553140,Stephanoberyciformes,Order,valid,166082
622314,Maurolicinae,Subfamily,valid,162212
168671,Chloroscombrus orqueta,Species,valid,168669
645247,Cypselurus callopterus,Species,valid,165432
162030,Hypomesus pretiosus,Species,valid,162029
166728,Sebastes melanostomus,Species,valid,166705
162679,Benthosema,Genus,valid,623694
644790,Lestidiops indopacifica,Species,valid,162476
162837,Chanos,Genus,valid,162836
553143,Congroidei,Suborder,valid,161123
622096,Diretmichthys,Genus,valid,166131
162205,Yarella blackfordi,Species,invalid,0
168669,Chloroscombrus,Genus,valid,1228110
170945,Bathymasteridae,Family,valid,165214
82680,Argonautidae,Family,valid,555712
167298,Icelinus quadriseriatus,Species,valid,167290
553170,Bythitoidei,Suborder,valid,553139
172486,Istiophoridae,Family,valid,768116
164569,Chaunacidae,Family,valid,622711
630609,Odontesthes,Genus,valid,630582
171397,Gibbonsia,Genus,valid,171396
622691,Diplophos proximus,Species,valid,162179
171471,Cryptotrema,Genus,valid,553227
553134,Albuliformes,Order,valid,161106
161612,Nemichthyidae,Family,valid,553143
615947,Pleuronectini,Tribe,valid,615941
171617,Cebidichthys,Genus,valid,171554
768116,Xiphioidei,Suborder,valid,167640
644705,Ahliesaurus brevis,Species,valid,644676
637630,Microdesmus suttkusi,Species,valid,172163
172353,Scombroidei,Suborder,valid,167640
167830,Paralabrax,Genus,valid,643089
82485,Histioteuthis,Genus,valid,82484
635894,Ariosoma gilberti,Species,valid,161343
171554,Stichaeidae,Family,valid,165214
166083,Beryciformes,Order,valid,166082
166995,Prionotus stephanophrys,Species,valid,166973
166110,Poromitra megalops,Species,valid,166107
553133,Osmeriformes,Order,valid,161928
169237,Sciaenidae,Family,valid,167641
162194,Vinciguerria nimbaria,Species,valid,162192
95537,Nematobrachion boopis,Species,valid,95535
95500,Euphausiidae,Family,valid,95496
82368,Myopsina,Suborder,valid,82367
616278,Bothus leopardinus,Species,valid,172758
553189,Notosudidae,Family,valid,553149
169538,Chaetodipterus,Genus,valid,553178
172367,Nealotus,Genus,valid,172354
615910,Radiicephalus elongatus,Species,valid,615907
82681,Argonauta,Genus,valid,82680
162028,Osmeridae,Family,valid,623275
171662,Icosteus,Genus,valid,171661
613036,Xyrichtys,Genus,valid,170477
553188,Platytroctidae,Family,valid,623274
161454,Myrophis vafer,Species,valid,161451
161112,Elops affinis,Species,valid,161110
172288,Naso,Genus,valid,172250
162081,Bathylagus,Genus,valid,162080
555714,Chtenopterygidae,Family,valid,82390
623311,Dolicholagus,Genus,valid,162080
642065,Apogon atricaudus,Species,valid,168197
162721,Myctophum asperum,Species,valid,162719
82432,Octopoteuthis,Genus,valid,82431
164596,Zalieutes,Genus,valid,164573
166343,Trachipterus fukuzakii,Species,valid,166340
172407,Sarda,Genus,valid,638250
167111,Hexagrammos lagocephalus,Species,valid,167109
170085,Chromis punctipinnis,Species,valid,170079
172161,Microdesmidae,Family,valid,171745
170128,Plectroglyphidodon,Genus,valid,170044
166734,Sebastes pinniger,Species,valid,166705
164789,Merlucciidae,Family,valid,164665
633906,Pellisolus eubranchus,Species,invalid,0
644590,Sebastes moseri,Species,valid,166705
162059,Nansenia candida,Species,valid,162058
718928,Siphonophorae,Order,valid,718924
166326,Lampris guttatus,Species,valid,1160306
166323,Lampridae,Family,valid,638685
168539,Caulolatilus,Genus,valid,645319
162228,Sternoptyx pseudobscura,Species,valid,162226
162061,Argentina,Genus,valid,162057
166013,Leuresthes,Genus,valid,630582
166861,Scorpaenodes,Genus,valid,166704
643089,Serraninae,Subfamily,valid,167674
95576,Thysanoessa longipes,Species,valid,95571
162203,Valenciennellus tripunctulatus,Species,valid,162202
82668,Tremoctopus violaceus,Species,valid,82667
162183,Gonostoma atlanticum,Species,valid,162182
164823,Lepophidium,Genus,valid,622724
622493,Sigmops elongatum,Species,invalid,0
555741,Taoniinae,Subfamily,valid,82575
166707,Sebastes alutus,Species,valid,166705
556284,Sthenoteuthis oualaniensis,Species,valid,555797
168677,Selar crumenophthalmus,Species,valid,168676
553178,Ephippidae,Family,valid,172249
616607,Symphurus atricaudus,Species,valid,173061
166713,Sebastes caurinus,Species,valid,166705
95562,Stylocheiron affine,Species,valid,95556
171953,Ptereleotris,Genus,valid,636573
718920,Medusozoa,Subphylum,valid,48738
555707,Octobrachia,Superorder,valid,82330
162213,Argyropelecus,Genus,valid,622315
553149,Chlorophthalmoidei,Suborder,valid,553127
172764,Bothus pantherinus,Species,valid,172758
171746,Gobiidae,Family,valid,171745
162097,Bathylagus stilbius,Species,invalid,0
172454,Auxis,Genus,valid,638252
162772,Neoscopelidae,Family,valid,162368
161742,Etrumeus,Genus,valid,551159
168278,Apogon retrosella,Species,valid,168197
171408,Labrisomus,Genus,valid,553227
161645,Saccopharynx,Genus,valid,161644
553227,Labrisomidae,Family,valid,171123
173282,Tetraodontoidei,Suborder,valid,173112
616291,Citharichthys gordae,Species,valid,172715
171479,Neoclinus stephensae,Species,valid,171477
166011,Atherinopsis,Genus,valid,630582
171670,Ammodytidae,Family,valid,170913
162653,Notoscopelus,Genus,valid,623695
553132,Mugiliformes,Order,valid,166082
164817,Brotula,Genus,valid,622722
171891,Ilypnus,Genus,valid,171746
660853,Thysanopoda monacantha,Species,valid,95582
161160,Muraenidae,Family,valid,553142
162666,Symbolophorus,Genus,valid,623694
82566,Cycloteuthis,Genus,valid,82565
553219,Nematistiidae,Family,valid,167641
166415,Fistularia,Genus,valid,166414
172378,Trichiuridae,Family,valid,172353
623649,Holtbyrnia latifrons,Species,valid,182858
168188,Pristigenys,Genus,valid,168176
171432,Paraclinus integripinnis,Species,valid,171427
635307,Ophichthinae,Subfamily,valid,161419
162537,Coccorella atlantica,Species,valid,162536
647768,Sparisomatinae,Subfamily,valid,170809
165117,Echiodon exsilium,Species,valid,165114
172375,Diplospinus,Genus,valid,172354
164790,Merluccius,Genus,valid,550571
172163,Microdesmus,Genus,valid,636572
167302,Leptocottus armatus,Species,valid,167301
556078,Pterygioteuthis gemmata,Species,valid,82404
166340,Trachipterus,Genus,valid,166339
162163,Gonostomatidae,Family,valid,553151
98055,Pleuroncodes,Genus,invalid,0
168741,Naucrates,Genus,valid,1228113
166762,Sebastes semicinctus,Species,valid,166705
164654,Ceratias,Genus,valid,164653
646729,Aphanopodinae,Subfamily,valid,172378
621021,Inopsetta ischyra,Species,invalid,0
169238,Cynoscion,Genus,valid,169237
644835,Lestidium bigelowi,Species,valid,162464
172368,Nealotus tripes,Species,valid,172367
172554,Nomeus gronovii,Species,valid,172553
166462,Syngnathus leptorhynchus,Species,valid,166444
169520,Hermosilla azurea,Species,valid,169519
167267,Enophrys bison,Species,valid,167266
630683,Odontesthes regia,Species,valid,630609
172581,Tetragonurus atlanticus,Species,valid,172579
165546,Belonidae,Family,valid,645100
171637,Pholis,Genus,valid,171632
166782,Sebastolobus,Genus,valid,166704
171465,Alloclinus holderi,Species,valid,171464
553159,Trachichthyoidei,Suborder,valid,166083
89787,Malacostraca,Class,valid,1227977
82590,Octopodidae,Family,valid,555712
167365,Synchirus gilli,Species,valid,167364
172546,Cubiceps pauciradiatus,Species,valid,172545
914180,Chondrichthyes,Superclass,valid,914179
172978,Glyptocephalus zachirus,Species,valid,172872
630582,Atherinopsinae,Subfamily,valid,630579
553127,Aulopiformes,Order,valid,553122
573102,Chiroteuthis (Chirothauma),Subgenus,valid,82548
555782,Megalocranchia,Genus,valid,555741
171155,Hypsoblennius,Genus,valid,171124
172484,Luvarus,Genus,valid,172483
169257,Genyonemus lineatus,Species,valid,169256
556014,Nototodarus hawaiiensis,Species,valid,555799
623625,Lipolagus ochotensis,Species,valid,623321
164997,Cherublemma,Genus,valid,622724
161118,Albuloidei,Suborder,valid,553134
172565,Peprilus simillimus,Species,valid,172564
553157,Belonoidei,Suborder,valid,553128
172564,Peprilus,Genus,valid,172563
82683,Argonauta argo,Species,valid,82681
635769,Saccopharynx lavenbergi,Species,valid,161645
623694,Myctophinae,Subfamily,valid,162575
166798,Pontinus,Genus,valid,166704
635341,Chiloconger,Genus,valid,635309
555797,Sthenoteuthis,Genus,valid,555745
165522,Parexocoetus brachypterus,Species,valid,165521
170597,Oxyjulis californica,Species,valid,170596
551142,Lepidopus calcar,Species,valid,172390
162584,Diaphus theta,Species,valid,162583
169362,Seriphus politus,Species,valid,169361
167447,Bothragonus swani,Species,invalid,0
1054458,Moloidei,Suborder,valid,173112
166710,Sebastes babcocki,Species,valid,166705
555795,Eucleoteuthis,Genus,valid,555745
171761,Lepidogobius,Genus,valid,171746
166151,Anoplogaster,Genus,valid,633879
646100,Tetraodontinae,Subfamily,valid,173283
162301,Idiacanthus antrostomus,Species,valid,162299
166736,Sebastes proriger,Species,valid,166705
161106,Elopomorpha,Superorder,valid,161105
172743,Paralichthys californicus,Species,valid,172734
614109,Polylepion cruentum,Species,valid,170688
166130,Berycoidei,Suborder,valid,166083
172509,Icichthys,Genus,valid,172508
644709,Rosenblattichthys hubbsi,Species,valid,644679
623321,Lipolagus,Genus,valid,162080
170079,Chromis,Genus,valid,170044
167459,Odontopyxis,Genus,valid,167426
159785,Chondrichthyes,Class,valid,914180
623139,Mesobius berryi,Species,valid,622744
170292,Brama dussumieri,Species,valid,170288
573109,Chiroteuthis (Chiroteuthis),Subgenus,valid,82548
161107,Elopiformes,Order,valid,161106
96105,Pleocyemata,Suborder,valid,95599
635389,Congriscus,Genus,valid,635310
615870,Diodon eydouxii,Species,valid,173390
623748,Benthosema panamense,Species,valid,162679
171917,Dormitator,Genus,valid,172171
172455,Auxis rochei,Species,valid,172454
82370,Loligo,Genus,valid,82369
171747,Clevelandia,Genus,valid,171746
167559,Liparis florae,Species,valid,167550
161747,Opisthonema,Genus,valid,551153
550571,Merlucciinae,Subfamily,valid,164789
164411,Batrachoidiformes,Order,valid,164385
166108,Poromitra crassiceps,Species,valid,166107
164718,Microgadus,Genus,valid,550569
166972,Triglidae,Family,valid,166703
623317,Bathylagoides,Genus,valid,162080
82676,Ocythoidae,Family,valid,555712
572640,Engraulinae,Subfamily,valid,553173
623875,Hygophum reinhardtii,Species,valid,162692
164670,Moridae,Family,valid,164665
622321,Chauliodontinae,Subfamily,valid,162282
573115,Leachia (Pyrgopsis),Subgenus,valid,555778
171184,Entomacrodus chiostictus,Species,valid,171166
168676,Selar,Genus,valid,1228110
171910,Quietula y-cauda,Species,valid,171909
168620,Caranx sexfasciatus,Species,valid,168605
623699,Nannobrachium,Genus,valid,623695
165005,Chilara,Genus,valid,622724
160829,Torpedinidae,Family,valid,649684
171086,Chiasmodon niger,Species,valid,171085
635690,Ariosoma marginatum,Species,valid,161343
169610,Centropyge,Genus,valid,553237
167570,Liparis mucosus,Species,valid,167550
167123,Anoplopoma fimbria,Species,valid,167122
161614,Avocettina,Genus,valid,161612
164711,Gadus macrocephalus,Species,valid,164710
162219,Argyropelecus hemigymnus,Species,valid,162213
551340,Engraulis ringens,Species,valid,161827
95512,Euphausia diomedeae,Species,valid,95501
167414,Psychrolutes phrictus,Species,valid,167411
165006,Chilara taylori,Species,valid,165005
162464,Lestidium,Genus,valid,162463
166351,Desmodema lorum,Species,valid,166349
162575,Myctophidae,Family,valid,162368
172397,Assurger anzac,Species,valid,172396
623722,Ceratoscopelus warmingii,Species,valid,162576
623832,Lampanyctus parvicauda,Species,valid,162632
622095,Myripristinae,Subfamily,valid,166170
623188,Cryptopsaras couesii,Species,valid,164656
95510,Euphausia eximia,Species,valid,95501
616289,Citharichthys gilberti,Species,valid,172715
168789,Coryphaenidae,Family,valid,167641
162296,Photonectes margarita,Species,valid,162295
172376,Diplospinus multistriatus,Species,valid,172375
161142,Neoconger,Genus,valid,161136
172917,Lepidopsetta bilineata,Species,valid,172879
161878,Encrasicholina,Genus,valid,572640
166732,Sebastes nigrocinctus,Species,valid,166705
165429,Atheriniformes,Order,valid,166082
170425,Sphyraena,Genus,valid,170424
82664,Alloposidae,Family,valid,555712
162221,Argyropelecus sladeni,Species,valid,162213
551209,Clupea pallasii,Species,valid,161721
635878,Avocettina bowersi,Species,invalid,0
172399,Euthynnus,Genus,valid,638252
162227,Sternoptyx diaphana,Species,valid,162226
82557,Mastigoteuthidae,Family,valid,82390
168890,Lutjanus novemfasciatus,Species,valid,168846
164745,Melanonus,Genus,valid,550564
162524,Alepisaurus,Genus,valid,162523
555739,Sepiolinae,Subfamily,valid,82335
169521,Medialuna,Genus,valid,645323
646731,Trichiurinae,Subfamily,valid,172378
82658,Eledonella pygmaea,Species,valid,82657
171918,Dormitator latifrons,Species,valid,171917
173112,Tetraodontiformes,Order,valid,166082
553138,Stomiiformes,Order,valid,553121
622698,Ichthyococcus irregularis,Species,valid,162198
82551,Chiroteuthis calyx,Species,valid,573109
172456,Auxis thazard,Species,valid,172454
171914,Typhlogobius californiensis,Species,valid,171913
553179,Paralichthyidae,Family,valid,172707
169407,Mulloidichthys,Genus,valid,169406
162348,Bajacalifornia,Genus,valid,162303
161624,Nemichthys scolopaceus,Species,valid,161621
644716,Uncisudis quadrimaculata,Species,valid,162517
162226,Sternoptyx,Genus,valid,622315
553195,Microstomatidae,Family,valid,623273
164573,Ogcocephalidae,Family,valid,622713
615993,Perissias,Genus,valid,172714
162168,Cyclothone signata,Species,valid,162164
171427,Paraclinus,Genus,valid,553227
553181,Chlopsidae,Family,valid,553142
616374,Etropus peruvianus,Species,valid,172728
172944,Hypsopsetta,Genus,valid,615946
550687,Bregmaceros bathymaster,Species,valid,164695
164719,Microgadus proximus,Species,valid,164718
623030,Laemonema verecundum,Species,valid,164674
162057,Argentinidae,Family,valid,623273
171909,Quietula,Genus,valid,171746
164385,Paracanthopterygii,Superorder,valid,161105
95563,Stylocheiron carinatum,Species,valid,95556
162243,Bathophilus,Genus,valid,622318
168845,Lutjanidae,Family,valid,167641
167431,Agonopsis sterletus,Species,valid,167427
166744,Sebastes zacentrus,Species,valid,166705
165510,Fodiator,Genus,valid,165431
172451,Acanthocybium solandri,Species,valid,172450
167218,Ascelichthys rhodorus,Species,valid,167217
641836,Howellidae,Family,valid,167641
95586,Thysanopoda orientalis,Species,valid,95582
164998,Cherublemma emmelas,Species,valid,164997
161604,Serrivomer,Genus,valid,161603
171663,Icosteus aenigmaticus,Species,valid,171662
164933,Lamprogrammus niger,Species,valid,164932
82443,Onykia,Genus,valid,82436
166761,Sebastes rufus,Species,valid,166705
172305,Ctenochaetus,Genus,valid,172250
171967,Gillichthys mirabilis,Species,valid,171966
162728,Notolychnus,Genus,valid,623695
555803,Pyroteuthis,Genus,valid,555715
162517,Uncisudis,Genus,valid,162463
171206,Plagiotremus,Genus,valid,171124
553217,Epigonidae,Family,valid,167641
637280,Erotelis armiger,Species,valid,171877
616306,Cyclopsetta panamensis,Species,valid,172775
167115,Ophiodon,Genus,valid,167108
172363,Ruvettus,Genus,valid,172354
162536,Coccorella,Genus,valid,162535
82547,Chiroteuthidae,Family,valid,82390
164821,Brotula clarkae,Species,valid,164817
172865,Embassichthys,Genus,valid,615946
642032,Pseudaminae,Subfamily,valid,168196
166723,Sebastes helvomaculatus,Species,valid,166705
161693,Clupeomorpha,Superorder,valid,161105
95557,Stylocheiron longicorne,Species,valid,95556
172411,Scomber,Genus,valid,638253
162350,Bajacalifornia burragei,Species,valid,162348
171889,Gobulus,Genus,valid,171746
168820,Caristiidae,Family,valid,167641
166703,Scorpaenoidei,Suborder,valid,166702
82371,Loligo opalescens,Species,valid,82370
161119,Albulidae,Family,valid,161118
165295,Melanostigma pammelas,Species,valid,165294
171661,Icosteidae,Family,valid,171660
164746,Melanonus zugmayeri,Species,valid,164745
166993,Prionotus ruscarius,Species,valid,166973
162290,Stomias atriventer,Species,valid,162286
636573,Ptereleotrinae,Subfamily,valid,172161
165114,Echiodon,Genus,valid,622721
622505,Astronesthes gibbsi,Species,valid,162234
616354,Engyophrys sanctilaurentii,Species,valid,172778
162673,Tarletonbeania crenularis,Species,valid,162672
165608,Cololabis,Genus,valid,165607
553237,Pomacanthidae,Family,valid,167641
162198,Ichthyococcus,Genus,valid,622313
162476,Lestidiops,Genus,valid,162463
633892,Parapercis schauinslandi,Species,invalid,0
82527,Ommastrephes bartramii,Species,valid,82525
167675,Anthiinae,Subfamily,valid,167674
167337,Paricelinus,Genus,valid,167196
168851,Lutjanus argentiventris,Species,valid,168846
635762,Serrivomer beanii,Species,valid,161604
162109,Bathylychnops exilis,Species,valid,162108
173113,Balistoidei,Suborder,valid,173112
161061,Actinopterygii,Superclass,valid,914179
166767,Sebastes carnatus,Species,valid,166705
165548,Ablennes hians,Species,valid,165547
166720,Sebastes flavidus,Species,valid,166705
172867,Eopsetta,Genus,valid,615938
161157,Chlopsis,Genus,valid,553181
171396,Clinidae,Family,valid,171123
162182,Gonostoma,Genus,valid,162163
556080,Chiroteuthis imperator,Species,valid,573102
616481,Syacium ovale,Species,valid,172790
622342,Sigmops,Genus,valid,162163
633885,Myripristis leiognathos,Species,invalid,0
48738,Cnidaria,Phylum,valid,202423
170494,Bodianus diplotaenia,Species,valid,170482
644691,Magnisudis atlantica,Species,valid,644673
166760,Sebastes rubrivinctus,Species,valid,166705
95561,Stylocheiron abbreviatum,Species,valid,95556
171745,Gobioidei,Suborder,valid,167640
171903,Lythrypnus zebra,Species,valid,171898
170764,Iniistius,Genus,valid,170477
573103,Abralia (Heterabralia),Subgenus,valid,82406
635484,Neoconger vermiformis,Species,valid,161142
637146,Clarkichthys bilineatus,Species,valid,636625
553232,Amarsipidae,Family,valid,172507
171063,Kathetostoma averruncus,Species,valid,171060
82442,Onychoteuthis borealijaponicus,Species,valid,82439
166443,Syngnathidae,Family,valid,166438
643392,Pseudogramma thaumasium,Species,valid,167999
173249,Ostracion,Genus,valid,173235
166748,Sebastes chlorostictus,Species,valid,166705
167410,Psychrolutidae,Family,valid,643429
82514,Ommastrephidae,Family,valid,82390
171877,Erotelis,Genus,valid,172171
172859,Pleuronectidae,Family,valid,172707
170511,Halichoeres semicinctus,Species,valid,170501
170688,Polylepion,Genus,valid,170477
553151,Gonostomatoidei,Suborder,valid,553138
170336,Mugil curema,Species,valid,170334
95547,Nyctiphanes,Genus,valid,95500
162239,Borostomias,Genus,valid,622316
615944,Psettichthyini,Tribe,valid,615941
172483,Luvaridae,Family,valid,172249
168192,Pristigenys serrula,Species,valid,168188
169522,Medialuna californiensis,Species,valid,169521
644693,Uncisudis advena,Species,valid,162517
164710,Gadus,Genus,valid,550569
167837,Paranthias,Genus,valid,643094
161469,Ophichthus zophochir,Species,valid,161458
162586,Diaphus anderseni,Species,valid,162583
166257,Sargocentron,Genus,valid,622094
645100,Scomberesocoidea,Superfamily,valid,553157
164413,Porichthys,Genus,valid,622730
167332,Oligocottus,Genus,valid,167196
169014,Eucinostomus,Genus,valid,169013
162570,Scopelosaurus hoedti,Species,valid,162565
553172,Hemiramphidae,Family,valid,645099
95558,Stylocheiron maximum,Species,valid,95556
166771,Sebastes rosenblatti,Species,valid,166705
171633,Apodichthys,Genus,valid,171632
168679,Selene,Genus,valid,1228110
167832,Paralabrax clathratus,Species,valid,167830
690540,Lophodolos indicus,Species,valid,622771
95507,Euphausia tenera,Species,valid,95501
645322,Girellinae,Subfamily,valid,169503
646730,Lepidopodinae,Subfamily,valid,172378
162274,Aristostomias scintillans,Species,valid,162273
616489,Symphurus elongatus,Species,valid,173061
169527,Sectator ocyurus,Species,valid,169525
164495,Lophiiformes,Order,valid,164385
166716,Sebastes diploproa,Species,valid,166705
168196,Apogonidae,Family,valid,167641
167212,Artedius fenestralis,Species,valid,167211
172166,Gunnellichthys,Genus,valid,636572
614667,Nicholsina denticulata,Species,valid,170859
166733,Sebastes paucispinis,Species,valid,166705
553122,Cyclosquamata,Superorder,valid,161105
635308,Heterocongrinae,Subfamily,valid,161324
623322,Pseudobathylagus,Genus,valid,162080
556232,Liguriella podophthalma,Species,valid,555781
165504,Euleptorhamphus viridis,Species,valid,165502
169555,Chaetodon,Genus,valid,169554
553128,Beloniformes,Order,valid,166082
172945,Hypsopsetta guttulata,Species,valid,172944
644721,Benthalbella linguidens,Species,valid,162549
173283,Tetraodontidae,Family,valid,173282
573111,Enoploteuthis (Paraenoploteuthis),Subgenus,valid,82396
164625,Oneirodidae,Family,valid,622712
171084,Chiasmodontidae,Family,valid,170913
169117,Xenistius,Genus,valid,169055
553141,Notacanthoidei,Suborder,valid,553134
167471,Stellerina,Genus,valid,167426
164838,Lepophidium stigmatistium,Species,valid,164823
171398,Gibbonsia metzi,Species,valid,171397
167129,Zaniolepis frenata,Species,valid,167127
162672,Tarletonbeania,Genus,valid,623694
551495,Macroramphosus,Genus,valid,644842
173255,Lactoria fornasini,Species,valid,173271
622097,Diretmoides,Genus,valid,166131
167466,Xeneretmus,Genus,valid,167426
164898,Cataetyx,Genus,valid,622726
170310,Taractichthys,Genus,valid,170287
160830,Torpedo,Genus,valid,160829
169076,Orthopristis,Genus,valid,169055
161304,Facciolella gilberti,Species,invalid,0
169406,Mullidae,Family,valid,167641
171913,Typhlogobius,Genus,valid,171746
623743,Nannobrachium idostigma,Species,valid,623699
166764,Sebastes serriceps,Species,valid,166705
162211,Woodsia nonsuchae,Species,valid,162209
166115,Scopelogadus,Genus,valid,166092
162295,Photonectes,Genus,valid,622318
82425,Gonatus onyx,Species,valid,82418
95599,Decapoda,Order,valid,95495
162093,Microstoma,Genus,valid,553195
82431,Octopoteuthidae,Family,valid,82390
172929,Reinhardtius,Genus,valid,615937
182885,Lampanyctus omostigma,Species,valid,162632
170334,Mugil,Genus,valid,170333
622732,Antennariinae,Subfamily,valid,164518
164570,Chaunax,Genus,valid,164569
165609,Cololabis saira,Species,valid,165608
167352,Scorpaenichthys,Genus,valid,167196
555712,Incirrina,Suborder,valid,82589
555740,Cranchiinae,Subfamily,valid,82575
82404,Pterygioteuthis,Genus,valid,555715
553145,Osmeroidei,Suborder,valid,553133
644576,Sebastes dallii,Species,valid,166705
555746,Todarodinae,Subfamily,valid,82514
171159,Hypsoblennius gilberti,Species,valid,171155
166811,Scorpaena,Genus,valid,166704
162181,Diplophos taenia,Species,valid,162179
914179,Gnathostomata,Infraphylum,valid,331030
166358,Stylephoridae,Family,valid,638685
166722,Sebastes goodei,Species,valid,166705
172171,Eleotridae,Family,valid,171745
622907,Borophryne apogon,Species,valid,622778
645099,Exocoetoidea,Superfamily,valid,553157
165528,Prognichthys sealei,Species,valid,165523
165612,Scomberesox saurus,Species,valid,165611
635931,Congriscus megastomus,Species,valid,635389
170567,Thalassoma,Genus,valid,170477
173252,Ostracion meleagris,Species,valid,173249
171080,Champsodontidae,Family,valid,170913
635714,Gnathophis cinctus,Species,valid,161359
162766,Triphoturus mexicanus,Species,valid,162765
164611,Melanocetidae,Family,valid,622712
51267,Velella velella,Species,valid,51265
167347,Radulinus asprellus,Species,valid,167346
556021,Abralia trigonura,Species,valid,573103
1171578,Lamprimorpha,Superorder,valid,161105
161862,Cetengraulis mysticetus,Species,valid,161860
164661,Linophrynidae,Family,valid,622712
162541,Evermannella,Genus,valid,162535
165502,Euleptorhamphus,Genus,valid,645104
164635,Dolopichthys,Genus,valid,164625
622727,Brosmophycinae,Subfamily,valid,165140
172822,Parabothus,Genus,valid,172714
172555,Psenes,Genus,valid,172535
82330,Coleoidea,Subclass,valid,82326
635306,Myrophinae,Subfamily,valid,161419
82677,Ocythoe,Genus,valid,82676
172871,Lyopsetta exilis,Species,valid,172885
556017,Onychoteuthis compacta,Species,valid,82439
164665,Gadiformes,Order,valid,164385
635754,Hoplunnis sicarius,Species,valid,161289
162167,Cyclothone pallida,Species,valid,162164
82548,Chiroteuthis,Genus,valid,82547
172553,Nomeus,Genus,valid,172535
167572,Liparis pulchellus,Species,valid,167550
166412,Aulostomus chinensis,Species,valid,166410
635695,Paraconger californiensis,Species,valid,161368
1054459,Ostracioidei,Suborder,valid,173112
556836,Leachia dislocata,Species,invalid,0
170044,Pomacentridae,Family,valid,170476
162515,Lestrolepis,Genus,valid,162463
168600,Alectis,Genus,valid,1228110
622712,Ceratioidea,Superfamily,valid,553153
165332,Macrouridae,Family,valid,164665
161185,Gymnothorax,Genus,valid,635303
98056,Pleuroncodes planipes,Species,invalid,0
167122,Anoplopoma,Genus,valid,167121
638251,Scomberomorini,Tribe,valid,638248
171592,Plectobranchus evides,Species,valid,171591
167428,Agonopsis vulsa,Species,valid,167427
646452,Canthidermis maculatus,Species,invalid,0
170446,Polydactylus,Genus,valid,170445
169080,Anisotremus,Genus,valid,169055
172879,Lepidopsetta,Genus,valid,615946
166457,Syngnathus californiensis,Species,valid,166444
638685,Lampriformes,Order,valid,1171578
164839,Ophidion,Genus,valid,622724
95546,Nematoscelis gracilis,Species,valid,95539
166349,Desmodema,Genus,valid,166339
167472,Stellerina xyosterna,Species,valid,167471
718924,Hydroidolina,Subclass,valid,48739
623790,Diaphus pacificus,Species,valid,162583
615939,Lyopsettinae,Subfamily,valid,172859
169358,Cheilotrema saturnum,Species,valid,169357
644687,Arctozenus risso,Species,valid,162469
162095,Leuroglossus,Genus,valid,162080
170309,Pteraclis aesticola,Species,valid,170307
551113,Paranthias colonus,Species,valid,167837
168714,Trachinotus paitensis,Species,valid,168707
167674,Serranidae,Family,valid,167641
172361,Lepidocybium,Genus,valid,172354
171899,Lythrypnus dalli,Species,valid,171898
161743,Etrumeus teres,Species,valid,161742
623659,Mirorictus taningi,Species,valid,623290
182855,Bathylagus nigrigenys,Species,invalid,0
95496,Euphausiacea,Order,valid,95495
161194,Gymnothorax mordax,Species,valid,161185
160833,Torpedo californica,Species,valid,160830
82696,Arthropoda,Phylum,valid,914158
172580,Tetragonurus cuvieri,Species,valid,172579
162664,Stenobrachius leucopsarus,Species,valid,162663
622713,Ogcocephalioidea,Superfamily,valid,553153
622645,Opostomias mitsuii,Species,valid,622334
914155,Protostomia,Infrakingdom,valid,914154
95524,Euphausia distinguenda,Species,valid,95501
168846,Lutjanus,Genus,valid,643065
553226,Pinguipedidae,Family,valid,170913
167346,Radulinus,Genus,valid,167196
161631,Cyema,Genus,valid,161630
166758,Sebastes phillipsi,Species,valid,166705
331030,Vertebrata,Subphylum,valid,158852
169387,Atractoscion nobilis,Species,valid,169386
166404,Aulorhynchus flavidus,Species,valid,166403
637628,Microdesmus multiradiatus,Species,valid,172163
622867,Coryphaenoides leptolepis,Species,valid,165333
95551,Nyctiphanes simplex,Species,valid,95547
171475,Heterostichus,Genus,valid,171396
615946,Microstomini,Tribe,valid,615941
164522,Antennarius,Genus,valid,622732
172885,Lyopsetta,Genus,valid,615939
162725,Myctophum spinosum,Species,valid,162719
170628,Pseudocheilinus,Genus,valid,170477
162244,Bathophilus flemingi,Species,valid,162243
168672,Oligoplites,Genus,valid,1228112
644829,Stemonosudis elegans,Species,valid,162501
167550,Liparis,Genus,valid,555701
168197,Apogon,Genus,valid,642031
623873,Triphoturus nigrescens,Species,valid,162765
641997,Seriola peruana,Species,valid,168688
649603,Cetomimoidea,Superfamily,valid,553140
95502,Euphausia pacifica,Species,valid,95501
170252,Cheilodactylidae,Family,valid,167641
166754,Sebastes levis,Species,valid,166705
165570,Tylosurus,Genus,valid,165546
172775,Cyclopsetta,Genus,valid,553179
165519,Oxyporhamphus,Genus,valid,645104
623871,Symbolophorus californiensis,Species,valid,162666
161599,Derichthyidae,Family,valid,553143
169540,Chaetodipterus zonatus,Species,valid,169538
644724,Lestidiops neles,Species,valid,162476
171037,Gillellus,Genus,valid,171036
642535,Amarsipus carlsbergi,Species,valid,642446
170951,Ronquilus jordani,Species,valid,170950
167196,Cottidae,Family,valid,643429
162549,Benthalbella,Genus,valid,162548
555779,Liocranchia,Genus,valid,555740
644665,Synodontoidei,Suborder,valid,553127
162229,Margrethia,Genus,valid,162163
169361,Seriphus,Genus,valid,169237
97964,Galatheidae,Family,valid,206948
172878,Isopsetta,Genus,valid,615945
169519,Hermosilla,Genus,valid,645318
171166,Entomacrodus,Genus,valid,171124
82653,Bolitaenidae,Family,valid,555712
165509,Exocoetus monocirrhus,Species,valid,165506
202423,Animalia,Kingdom,valid,0
555832,Drechselia,Genus,valid,555740
644371,Pontinus sierra,Species,valid,166798
615940,Hippoglossoidinae,Subfamily,valid,172859
172800,Xystreurys liolepis,Species,valid,172799
165432,Cypselurus,Genus,valid,165431
167185,Cottoidei,Suborder,valid,166702
553123,Scopelomorpha,Superorder,valid,161105
95556,Stylocheiron,Genus,valid,95500
95543,Nematoscelis tenella,Species,valid,95539
162305,Sagamichthys abei,Species,valid,162304
172393,Lepidopus fitchi,Species,valid,172390
170953,Rathbunella alleni,Species,valid,170952
162469,Arctozenus,Genus,valid,162463
622317,Stomiinae,Subfamily,valid,162282
182865,Vinciguerria lucetia,Species,valid,162192
170913,Trachinoidei,Suborder,valid,167640
168605,Caranx,Genus,valid,1228110
206948,Galatheoidea,Superfamily,valid,97698
203428,Monacanthidae,Family,valid,173113
168821,Caristius,Genus,valid,168820
82657,Eledonella,Genus,valid,82653
164459,Gobiesox maeandricus,Species,valid,164458
169204,Calamus brachysomus,Species,valid,169195
82484,Histioteuthidae,Family,valid,82390
623290,Mirorictus,Genus,valid,553188
643429,Cottoidea,Superfamily,valid,167185
645257,Hirundichthys marginatus,Species,valid,165515
164656,Cryptopsaras,Genus,valid,164653
164461,Gobiesox eugrammus,Species,valid,164458
168584,Carangidae,Family,valid,167641
172557,Psenes maculatus,Species,valid,172555
172874,Hippoglossoides,Genus,valid,615940
164662,Linophryne,Genus,valid,164661
171660,Icosteoidei,Suborder,valid,167640
164620,Himantolophidae,Family,valid,622712
171464,Alloclinus,Genus,valid,553227
166362,Gasterosteoidei,Suborder,valid,166361
162562,Scopelarchoides,Genus,valid,162548
623626,Pseudobathylagus milleri,Species,valid,623322
622492,Sigmops ebelingi,Species,valid,622342
172928,Psettichthys melanostictus,Species,valid,172927
172390,Lepidopus,Genus,valid,646730
164497,Lophiidae,Family,valid,164496
164658,Caulophrynidae,Family,valid,622712
171591,Plectobranchus,Genus,valid,171554
170950,Ronquilus,Genus,valid,170945
164695,Bregmaceros,Genus,valid,164694
172558,Psenes pellucidus,Species,valid,172555
97646,Palinuridae,Family,valid,1147564
616688,Cheilopogon heterurus,Species,valid,165433
162068,Argentina sialis,Species,valid,162061
95536,Nematobrachion flexipes,Species,valid,95535
630232,Xenichthys xanti,Species,valid,169119
162080,Bathylagidae,Family,valid,623273
573108,Abraliopsis (Pfefferiteuthis),Subgenus,valid,82398
161110,Elops,Genus,valid,161109
168974,Hoplopagrus,Genus,valid,643065
167642,Centropomidae,Family,valid,167641
166153,Berycidae,Family,valid,166130
170859,Nicholsina,Genus,valid,647768
171466,Chaenopsis,Genus,valid,171550
161601,Derichthys serpentinus,Species,valid,161600
623721,Hygophum proximum,Species,valid,162692
172702,Pleuronectiformes,Order,valid,166082
623750,Bolinichthys longipes,Species,valid,162761
95498,Bentheuphausia,Genus,valid,95497
644676,Ahliesaurus,Genus,valid,553189
173391,Diodon hystrix,Species,valid,173390
172418,Thunnus,Genus,valid,638252
169118,Xenistius californiensis,Species,valid,169117
82414,Gonatidae,Family,valid,82390
171093,Pseudoscopelus,Genus,valid,171084
166749,Sebastes constellatus,Species,valid,166705
95589,Thysanopoda pectinata,Species,valid,95582
172923,Pleuronichthys coenosus,Species,valid,172922
635345,Bathycongrus,Genus,valid,635310
162776,Scopelengys,Genus,valid,162772
166783,Sebastolobus alascanus,Species,valid,166782
172359,Gempylus,Genus,valid,172354
172707,Pleuronectoidei,Suborder,valid,172702
164457,Gobiesocidae,Family,valid,553167
162809,Mirapinnidae,Family,valid,649603
173271,Lactoria,Genus,valid,173235
162771,Parvilux ingens,Species,valid,162770
82499,Histioteuthis heteropsis,Species,valid,82485
633876,Anarrichthys ocellatus,Species,invalid,0
165119,Encheliophis,Genus,valid,622721
172790,Syacium,Genus,valid,553179
170501,Halichoeres,Genus,valid,170477
556639,Pyroteuthis addolux,Species,valid,555803
171882,Acanthogobius flavimanus,Species,valid,171881
555776,Planctoteuthis,Genus,valid,82547
167213,Artedius harringtoni,Species,valid,167211
622726,Bythitinae,Subfamily,valid,165140
172799,Xystreurys,Genus,valid,553179
551159,Dussumieriini,Tribe,valid,551152
167640,Perciformes,Order,valid,166082
172891,Parophrys,Genus,valid,615947
168586,Trachurus symmetricus,Species,valid,168585
166743,Sebastes wilsoni,Species,valid,166705
642031,Apogoninae,Subfamily,valid,168196
630395,Ammodytoides gilli,Species,valid,630370
162534,Anotopterus pharao,Species,valid,162533
173382,Diodontidae,Family,valid,173282
172782,Hippoglossina,Genus,valid,553179
170482,Bodianus,Genus,valid,170477
82565,Cycloteuthidae,Family,valid,82390
170958,Parapercis,Genus,valid,553226
169297,Umbrina,Genus,valid,169237
169414,Mulloidichthys dentatus,Species,valid,169407
171124,Blenniidae,Family,valid,171123
173140,Balistes polylepis,Species,valid,173137
161619,Avocettina infans,Species,valid,161614
170253,Cheilodactylus,Genus,valid,170252
162505,Sudis atrox,Species,valid,162504
615080,Stegastes rectifraenum,Species,valid,613171
172370,Nesiarchus nasutus,Species,valid,172369
172717,Citharichthys stigmaeus,Species,valid,172715
170452,Polydactylus opercularis,Species,valid,170446
162282,Stomiidae,Family,valid,553152
641835,Symphysanodontidae,Family,valid,167641
167127,Zaniolepis,Genus,valid,167108
172924,Pleuronichthys decurrens,Species,valid,172922
168540,Caulolatilus princeps,Species,valid,168539
172434,Scomberomorus,Genus,valid,638251
555737,Heteroteuthinae,Subfamily,valid,82335
172408,Sarda chiliensis,Species,valid,172407
167643,Centropomus,Genus,valid,645317
623878,Myctophum obtusirostre,Species,valid,162719
171564,Anoplarchus purpurescens,Species,valid,171562
169515,Girella nigricans,Species,valid,169514
173413,Mola,Genus,valid,173412
162583,Diaphus,Genus,valid,623695
165521,Parexocoetus,Genus,valid,165431
623332,Melanolagus bericoides,Species,valid,623312
646749,Aphanopus arigato,Species,valid,172388
162212,Sternoptychidae,Family,valid,553151
555781,Liguriella,Genus,valid,555741
162657,Notoscopelus caudispinosus,Species,valid,162653
51265,Velella,Genus,valid,51258
556001,Heteroteuthis hawaiiensis,Species,valid,573113
161368,Paraconger,Genus,valid,635309
161651,Eurypharynx,Genus,valid,161650
635826,Leptocephalus holti,Species,valid,161630
172560,Psenes arafurensis,Species,valid,172555
161847,Anchoa compressa,Species,valid,161837
1147564,Achelata,Infraorder,valid,96105
615945,Isopsettini,Tribe,valid,615941
162337,Talismania,Genus,valid,162303
170333,Mugilidae,Family,valid,553132
645318,Kyphosinae,Subfamily,valid,169503
164681,Physiculus rastrelliger,Species,valid,164678
162777,Scopelengys tristis,Species,valid,162776
165517,Hirundichthys speculiger,Species,valid,165515
168611,Caranx caballus,Species,valid,168605
644725,Lestidiops pacificus,Species,valid,162476
162086,Bathylagus pacificus,Species,valid,162081
169359,Roncador,Genus,valid,169237
636572,Microdesminae,Subfamily,valid,172161
642597,Psenes sio,Species,valid,172555
162164,Cyclothone,Genus,valid,162163
82567,Cycloteuthis sirventi,Species,valid,82566
166133,Diretmus argenteus,Species,valid,166132
165215,Zoarcidae,Family,valid,165214
167283,Hemilepidotus spinosus,Species,valid,167276
166725,Sebastes jordani,Species,valid,166705
167107,Hexagrammoidei,Suborder,valid,166702
622880,Oneirodes eschrichtii,Species,valid,164629
171123,Blennioidei,Suborder,valid,167640
164932,Lamprogrammus,Genus,valid,622725
550564,Melanonidae,Family,valid,164665
162273,Aristostomias,Genus,valid,622320
167279,Hemilepidotus hemilepidotus,Species,valid,167276
173289,Sphoeroides,Genus,valid,646100
182875,Talismania bifurcata,Species,valid,162337
162308,Alepocephalus,Genus,valid,162303
168585,Trachurus,Genus,valid,1228110
170045,Abudefduf,Genus,valid,170044
167907,Symphysanodon,Genus,valid,641835
167560,Liparis fucensis,Species,valid,167550
167694,Epinephelus,Genus,valid,643094
623739,Bolinichthys distofax,Species,valid,162761
161324,Congridae,Family,valid,553143
166726,Sebastes maliger,Species,valid,166705
167421,Ruscarius,Genus,valid,167196
164503,Lophiodes,Genus,valid,164497
553234,Samaridae,Family,valid,172707
556061,Hyaloteuthis pelagica,Species,valid,555796
166711,Sebastes brevispinis,Species,valid,166705
162102,Dolichopteryx,Genus,valid,162099
162463,Paralepididae,Family,valid,553150
171060,Kathetostoma,Genus,valid,171053
169195,Calamus,Genus,valid,169180
550569,Gadinae,Subfamily,valid,164701
162304,Sagamichthys,Genus,valid,553188
161359,Gnathophis,Genus,valid,635310
95597,Thysanopoda astylata,Species,valid,95582
168897,Lutjanus peru,Species,valid,168846
171022,Creediidae,Family,valid,170913
622724,Ophidiinae,Subfamily,valid,164807
162553,Scopelarchus,Genus,valid,162548
165474,Hyporhamphus unifasciatus,Species,valid,645117
551496,Macroramphosus gracilis,Species,valid,551495
167802,Hemanthias peruanus,Species,valid,167799
166103,Melamphaes simus,Species,valid,166093
1160306,Lampris (Lampris),Subgenus,valid,166324
172875,Hippoglossoides elassodon,Species,valid,172874
162165,Cyclothone atraria,Species,valid,162164
169087,Anisotremus davidsoni,Species,invalid,0
165433,Cheilopogon,Genus,valid,165431
95591,Thysanopoda obtusifrons,Species,valid,95582
167467,Xeneretmus latifrons,Species,valid,167466
622094,Holocentrinae,Subfamily,valid,166170
914154,Bilateria,Subkingdom,valid,202423
82525,Ommastrephes,Genus,valid,555745
161109,Elopidae,Family,valid,161107
638252,Thunnini,Tribe,valid,638248
166082,Acanthopterygii,Superorder,valid,161105
644723,Evermannella ahlstromi,Species,valid,162541
166131,Diretmidae,Family,valid,553159
161860,Cetengraulis,Genus,valid,572640
95513,Euphausia recurva,Species,valid,95501
162724,Myctophum selenops,Species,valid,162719
623331,Dolicholagus longirostris,Species,valid,623311
165140,Bythitidae,Family,valid,553170
166741,Sebastes saxicola,Species,valid,166705
668632,Scopelosaurus smithi,Species,invalid,0
169119,Xenichthys,Genus,valid,169055
162522,Omosudis lowei,Species,invalid,0
166751,Sebastes eos,Species,valid,166705
161879,Encrasicholina punctifer,Species,valid,161878
161650,Eurypharyngidae,Family,valid,161643
162247,Tactostoma macropus,Species,valid,162246
162742,Taaningichthys minimus,Species,valid,162739
171418,Labrisomus xanti,Species,valid,171408
170129,Plectroglyphidodon imparipennis,Species,valid,170128
172488,Istiophorus platypterus,Species,valid,172487
170102,Chromis atrilobata,Species,valid,170079
161419,Ophichthidae,Family,valid,553143
82576,Cranchia,Genus,valid,555740
82667,Tremoctopus,Genus,valid,82663
172778,Engyophrys,Genus,valid,172714
553136,Saccopharyngiformes,Order,valid,161106
555796,Hyaloteuthis,Genus,valid,555745
623856,Nannobrachium nigrum,Species,valid,623699
162172,Cyclothone acclinidens,Species,valid,162164
615938,Eopsettinae,Subfamily,valid,172859
182909,Scopeloberyx robustus,Species,valid,166112
172306,Ctenochaetus hawaiiensis,Species,valid,172305
167128,Zaniolepis latipinnis,Species,valid,167127
166752,Sebastes gilli,Species,valid,166705
172398,Scombridae,Family,valid,172353
162254,Leptostomias,Genus,valid,622318
89801,Eumalacostraca,Subclass,valid,89787
170289,Brama japonica,Species,valid,170288
172887,Microstomus pacificus,Species,valid,172886
173060,Cynoglossidae,Family,valid,172707
556640,Octopoteuthis deletron,Species,valid,82432
172556,Psenes cyanophrys,Species,valid,172555
164612,Melanocetus,Genus,valid,164611
162814,Eutaeniophorus,Genus,valid,649606
162821,Gigantura,Genus,valid,162820
166704,Scorpaenidae,Family,valid,166703
630417,Ammodytoides pylei,Species,valid,630370
169007,Lobotes surinamensis,Species,valid,169006
166709,Sebastes aurora,Species,valid,166705
169514,Girella,Genus,valid,645322
164653,Ceratiidae,Family,valid,622712
82595,Octopus,Genus,valid,555751
171606,Cryptacanthodes,Genus,valid,553223
166973,Prionotus,Genus,valid,166972
165230,Lycenchelys,Genus,valid,165215
167834,Paralabrax nebulifer,Species,valid,167830
623273,Argentinoidea,Superfamily,valid,162056
165464,Hemiramphus depauperatus,Species,valid,165459
914159,Lophozoa,Superphylum,invalid,0
172758,Bothus,Genus,valid,172714
162286,Stomias,Genus,valid,622317
645284,Cheilopogon dorsomaculata,Species,invalid,0
162729,Notolychnus valdiviae,Species,valid,162728
169503,Kyphosidae,Family,valid,167641
89433,Cirripedia,Infraclass,valid,621146
165985,Atherinops,Genus,valid,630582
162279,Chauliodus macouni,Species,valid,162278
167463,Sarritor,Genus,valid,167426
646515,Roncador stearnsii,Species,valid,169359
167483,Cyclopteridae,Family,valid,643430
82473,Brachioteuthidae,Family,valid,82390
169256,Genyonemus,Genus,valid,169237
645246,Cheilopogon xenopterus,Species,valid,165433
165294,Melanostigma,Genus,valid,165215
635318,Myrophini,Tribe,valid,635306
164799,Merluccius gayi,Species,valid,164790
166094,Melamphaes lugubris,Species,valid,166093
164529,Antennarius avalonis,Species,valid,164522
636246,Scartichthys,Genus,valid,171124
95540,Nematoscelis difficilis,Species,valid,95539
555767,Euprymna,Genus,valid,555739
161105,Teleostei,Class,valid,161061
613008,Thunnus (Neothunnus),Subgenus,valid,172418
623744,Nannobrachium regale,Species,valid,623699
166156,Beryx splendens,Species,valid,166154
171467,Chaenopsis alepidota,Species,valid,171466
172475,Katsuwonus,Genus,valid,638252
167849,Serranus,Genus,valid,643089
172168,Cerdale,Genus,valid,636572
95582,Thysanopoda,Genus,valid,95500
169525,Sectator,Genus,valid,645318
170115,Microspathodon,Genus,valid,170044
172412,Scomber japonicus,Species,valid,172411
168790,Coryphaena,Genus,valid,168789
173390,Diodon,Genus,valid,173382
162368,Myctophiformes,Order,valid,553123
166603,Cosmocampus arctus,Species,valid,166596
171476,Heterostichus rostratus,Species,valid,171475
162231,Danaphos,Genus,valid,622314
162099,Opisthoproctidae,Family,valid,623273
623876,Lobianchia gemellarii,Species,valid,162752
168752,Gnathanodon,Genus,valid,1228110
616165,Perissias taeniopterus,Species,valid,615993
170437,Sphyraena ensis,Species,valid,170425
171036,Dactyloscopidae,Family,valid,171123
95509,Euphausia mutica,Species,valid,95501
172578,Tetragonuridae,Family,valid,172507
162527,Alepisaurus ferox,Species,valid,162524
172385,Trichiurus lepturus,Species,valid,172384
164792,Merluccius productus,Species,valid,164790
161136,Moringuidae,Family,valid,161124
166410,Aulostomus,Genus,valid,166409
171572,Chirolophis decoratus,Species,valid,171565
162175,Cyclothone pseudopallida,Species,valid,162164
622394,Melanostomias valdiviae,Species,valid,162257
636588,Rhinogobiops,Genus,valid,171746
82439,Onychoteuthis,Genus,valid,82436
642573,Cubiceps baxteri,Species,valid,172545
644991,Fistularia corneta,Species,valid,166415
164643,Gigantactis,Genus,valid,164642
173137,Balistes,Genus,valid,173128
166755,Sebastes macdonaldi,Species,valid,166705
555701,Liparidae,Family,valid,643430
161752,Harengula,Genus,valid,551153
167113,Hexagrammos stelleri,Species,valid,167109
164623,Himantolophus,Genus,valid,164620
173134,Aluterus scriptus,Species,valid,173129
172925,Pleuronichthys ritteri,Species,valid,172922
550848,Physiculus nematopus,Species,valid,164678
172860,Atheresthes,Genus,valid,172859
556756,Helicocranchia beebei,Species,invalid,0
168295,Epigonus,Genus,valid,553217
613121,Oxycheilinus,Genus,valid,170477
556517,Liocranchia reinhardti,Species,valid,555779
172440,Scomberomorus sierra,Species,valid,172434
553150,Alepisauroidei,Suborder,valid,553127
82423,Gonatus pyros,Species,valid,82418
162685,Protomyctophum crockeri,Species,valid,162684
166341,Trachipterus altivelis,Species,valid,166340
167804,Hemanthias signifer,Species,valid,167799
166170,Holocentridae,Family,valid,553160
622711,Chaunacioidea,Superfamily,valid,553153
161643,Saccopharyngoidei,Suborder,valid,553136
171401,Gibbonsia elegans,Species,valid,171397
161699,Clupeoidei,Suborder,valid,161694
161451,Myrophis,Genus,valid,635318
649761,Lophiodes spilurus,Species,valid,164503
165393,Nezumia,Genus,valid,550565
166438,Syngnathoidei,Suborder,valid,166361
167109,Hexagrammos,Genus,valid,167108
166715,Sebastes crameri,Species,valid,166705
914156,Deuterostomia,Infrakingdom,valid,914154
95499,Bentheuphausia amblyops,Species,valid,95498
635825,Leptocephalus giganteus,Species,valid,161678
161757,Harengula thrissina,Species,valid,161752
162702,Lampadena,Genus,valid,623695
95505,Euphausia hemigibba,Species,valid,95501
621145,Maxillopoda,Class,invalid,0
82559,Mastigoteuthis pyrodes,Species,valid,82558
171019,Crystallodytes cookei,Species,valid,171018
622721,Carapinae,Subfamily,valid,165094
171672,Ammodytes hexapterus,Species,valid,171671
166757,Sebastes ovalis,Species,valid,166705
635342,Rhynchoconger,Genus,valid,635310
162300,Idiacanthus fasciola,Species,valid,162299
164809,Brosmophycis marginata,Species,valid,164808
167591,Nectoliparis pelagicus,Species,valid,167590
172396,Assurger,Genus,valid,646730
165094,Carapidae,Family,valid,164806
164651,Centrophryne,Genus,valid,164650
550565,Macrourinae,Subfamily,valid,165332
162533,Anotopterus,Genus,valid,162463
162384,Synodus binotatus,Species,valid,162375
162555,Scopelarchus analis,Species,valid,162553
633879,Anoplogastridae,Family,valid,553159
166360,Stylephorus chordatus,Species,valid,166359
171618,Cebidichthys violaceus,Species,valid,171617
172487,Istiophorus,Genus,valid,172486
165610,Cololabis adocetus,Species,valid,165608
172715,Citharichthys,Genus,valid,553179
555778,Leachia,Genus,valid,555740
162765,Triphoturus,Genus,valid,623695
172250,Acanthuridae,Family,valid,172249
167590,Nectoliparis,Genus,valid,555701
162727,Myctophum aurolaternatum,Species,valid,162719
166339,Trachipteridae,Family,valid,638685
644711,Rosenblattichthys volucris,Species,valid,644679
166495,Hippocampus kuda,Species,valid,166487
82578,Cranchia scabra,Species,valid,82576
161837,Anchoa,Genus,valid,572640
162736,Electrona,Genus,valid,623694
168723,Decapterus,Genus,valid,1228110
166772,Sebastes rufinanus,Species,valid,166705
553167,Gobiesocoidei,Suborder,valid,167640
162632,Lampanyctus,Genus,valid,623695
642020,Elagatis bipinnulatus,Species,invalid,0
167841,Pronotogrammus multifasciatus,Species,valid,167839
645323,Scorpidinae,Subfamily,valid,169503
161632,Cyema atrum,Species,valid,161631
555708,Sepiolida,Order,valid,555706
166210,Myripristis,Genus,valid,622095
171419,Malacoctenus,Genus,valid,553227
162544,Evermannella indica,Species,valid,162541
167121,Anoplopomatidae,Family,valid,553164
172366,Scombrolabrax heterolepis,Species,valid,172365
161395,Heteroconger,Genus,valid,635308
573113,Heteroteuthis (Stephanoteuthis),Subgenus,valid,205715
622725,Neobythitinae,Subfamily,valid,164807
162419,Trachinocephalus,Genus,valid,162374
171026,Limnichthys,Genus,valid,171022
636384,Hypsoblennius proteus,Species,valid,171155
95564,Stylocheiron suhmii,Species,valid,95556
553142,Muraenoidei,Suborder,valid,161123
171748,Clevelandia ios,Species,valid,171747
644730,Scopelarchus stephensi,Species,valid,162553
556106,Ancistrocheirus lesueurii,Species,valid,555773
167266,Enophrys,Genus,valid,167196
169013,Gerreidae,Family,valid,167641
162216,Argyropelecus affinis,Species,valid,162213
82558,Mastigoteuthis,Genus,valid,82557
623716,Lampanyctus tenuiformis,Species,valid,162632
553153,Ogcocephalioidei,Suborder,valid,164495
563987,Euselachii,Superorder,valid,159786
169303,Umbrina roncador,Species,valid,169297
623714,Hygophum hygomii,Species,valid,162692
162367,Bathylaco nigricans,Species,valid,162366
168577,Phtheirichthys,Genus,valid,168567
635310,Congrinae,Subfamily,valid,161324
162687,Protomyctophum thompsoni,Species,valid,162684
165341,Coryphaenoides pectoralis,Species,invalid,0
162731,Centrobranchus,Genus,valid,623694
172868,Eopsetta jordani,Species,valid,172867
170871,Calotomus,Genus,valid,647768
644696,Scopelarchoides nicholsi,Species,valid,162562
164678,Physiculus,Genus,valid,164670
172535,Nomeidae,Family,valid,172507
82440,Onychoteuthis banksii,Species,valid,82439
172784,Hippoglossina stomata,Species,valid,172782
623747,Benthosema fibulatum,Species,valid,162679
171054,Astroscopus,Genus,valid,171053
172930,Reinhardtius hippoglossoides,Species,valid,172929
167426,Agonidae,Family,valid,643429
555706,Decabrachia,Superorder,valid,82330
170287,Bramidae,Family,valid,167641
622862,Spectrunculus grandis,Species,valid,164810
165511,Fodiator acutus,Species,valid,165510
